id,name,category,whatsapp,address,website,instagram,facebook,youtube,logo,approved,createdAt,updatedAt
7404d0f3-c93f-46dc-93bd-38e1b0af58b5, C-GRAF - Serviço Gráfico,Gráfica Digital,85999716126,"R. Romeu Martins, Canindé - CE, 62700-000, 537 - Centro",,@cleilson_grafica_c_graf,,,/uploads/logo_6ab353a5-8fef-43ca-ad5d-1f3450c738dc.jpg,true,2025-05-16T23:13:10.528Z,2025-05-16T23:13:10.528Z
880cd5e4-d1fa-431e-a900-4d26aee3c696, Farmácia Santa Cecília,Farmacias e Drogarias,85999915734,"R. Severiano Martins, Canindé - CE, 16 - Centro",,@farmaciasantaceciliacaninde,,,/uploads/logo_880cd5e4-d1fa-431e-a900-4d26aee3c696.jpeg,true,2025-05-09T09:46:19.706Z,2025-05-11T12:12:59.735Z
f8bd1b8a-fd2a-4692-91ae-48d0fd9c5874,4CJ - Telecom,Provedor de Internet,85997928915,"Rua Joaquim Magalhães, Canindé - CE, 1116A - Centro",,@4cjtelecom,,,/uploads/logo_f8bd1b8a-fd2a-4692-91ae-48d0fd9c5874.jpeg,true,2025-05-02T18:47:55.266Z,2025-05-11T12:12:59.352Z
2b4084bd-0a0c-4dae-b52b-5ce9768ade70,ART CENTER GRÁFICA ®️,Gráfica Digital,85989027597,"Rua Romeu Martins, Canindé, Ceara, Brazil 62700000, 20 - Centro",,@artcenter.grafica,,,/uploads/logo_3d95a8de-fd9d-46b2-b7cb-ddcd624c9d38.jpg,true,2025-05-16T23:10:23.058Z,2025-05-16T23:10:23.058Z
f69b65d9-3b00-4611-99cf-c31818671239,Amo Açaí Canindé®️,Açaiterias e Sorveteria,85996579512,"Rua Tabelião Facundo,, 210 - Centro",https://www.plataforma153.app/amoacai,@moacaicaninde,,,/uploads/logo_afdb8112-f7af-4e25-9c12-541128b3ce7c.jpg,true,2025-05-16T22:30:02.045Z,2025-05-16T22:30:02.045Z
da514094-b26c-4759-a8df-cc632379f8f3,Açaí.Com - O mais Puro Açaí de Canindé,Açaiterias e Sorveteria,85997818013,"Rua: Tabelião Facundo, Canindé-CE, 88 - Centro",https://www.plataforma153.app/acaicom/,@acai.com_caninde_,,,/uploads/logo_050689a6-218e-4dae-abb4-24129742844b.jpg,true,2025-05-16T22:27:00.269Z,2025-05-16T22:27:00.269Z
9cfeb38b-ebc7-4efb-97a9-e71ecb18f7de,Baritheles Pizzeria ,Pizzarias,85986120089,"PRAÇA DR. ARAMIS, 384 - Centro",,@baritheles_pizzaria,https://facebook.com/barithelespizzaria,https://youtube.com/@barithelespizzaria,/uploads/logo_9cfeb38b-ebc7-4efb-97a9-e71ecb18f7de.jpeg,true,2025-05-01T02:25:03.902Z,2025-05-18T00:17:13.436Z
e27c9264-d501-4c45-820f-820c87b9ccf9,Brisanet Telecomunicações,Provedor de Internet,79998709997,"R. Euclídes Barroso, Canindé - CE, 583 - Centro",,@brisanet.caninde,,,/uploads/logo_e27c9264-d501-4c45-820f-820c87b9ccf9.png,true,2025-05-02T18:36:34.216Z,2025-05-11T12:12:59.327Z
344b836b-a715-4823-9c00-24c8ee3b687b,CG MOTOS CANINDE 🏍,Auto Peças,85994153217," Rua Romeu Martins 501, Canindé, Ceara, Brazil 62700000, 501 - Centro",,@cgmotoscaninde,,,/uploads/logo_7b6c8096-0f3c-4fed-a1bd-05a7f28481ab.jpg,true,2025-05-17T19:36:57.201Z,2025-05-17T19:36:57.201Z
6770caa7-2381-48dc-99d2-1692c55f0d03,CONNECT ® || GRÁFICA E COM. VISUAL,Gráfica Digital,8596916646,"R. Romeu Martins, Centro, Canindé - CE, 62700-000, 447  - Centro",,@connectcaninde,,,/uploads/logo_7d8f51c4-63af-4331-b1c0-1c8fc570aec0.jpg,true,2025-05-16T23:07:25.361Z,2025-05-16T23:07:25.361Z
755ba8f2-ebb6-4fa3-9446-a2c774a478da,Clínica ODONTO ORPAM,Clinicas Dentarias,85992866827,"R. Severiano Martins, Canindé - CE, 32 - Centro",,@odontoorpam,,,/uploads/logo_755ba8f2-ebb6-4fa3-9446-a2c774a478da.webp,true,2025-05-02T01:38:30.584Z,2025-05-11T12:12:59.651Z
85e1ace7-d92d-4b8e-a3b8-2fe68e32ddc8,D'angeles Pizzaria,Pizzarias,85989045949,"Francisco das Chagas Barros, 662 - Campinas",https://delivery.yooga.app/pizzariadangeles,@dangelespizzaria,https://facebook.com/Pizzaria D'angeles ,,/uploads/logo_d415ae07-3467-49f8-bf4f-add47abab39c.jpg,true,2025-05-16T21:34:19.353Z,2025-05-16T21:34:19.353Z
1e3318d3-42a3-4084-bb9c-117b76c7028e,Dentista Do Povo Canindé,Clinicas Dentarias,85999849129,"R. Joaquim Magalhães, Canindé, 902 - Centro",,@dentistadopovocaninde,,,/uploads/logo_1e3318d3-42a3-4084-bb9c-117b76c7028e.jpeg,true,2025-05-02T01:41:47.732Z,2025-05-11T12:12:59.172Z
4397f670-5629-48e5-b48e-653abcb5c2fa,Dr. Brasil - Canindé-CE,Clinicas Dentarias,85992185269,"R. Antônio Martins, Canindé - CE, 164 - Centro",,@drbrasilcaninde,,,/uploads/logo_4397f670-5629-48e5-b48e-653abcb5c2fa.jpeg,true,2025-05-02T01:51:46.215Z,2025-05-11T12:12:59.280Z
cf2566f6-332c-4f3e-b8ce-037661d65d92,Dr. Guilherme Aguiar | Dentista,Clinicas Dentarias,85996226777,"Tv. Monsenhor João Cruz, Canindé - CE, 206 - Centro",,@drguilhermeaguiar1,,,/uploads/logo_cf2566f6-332c-4f3e-b8ce-037661d65d92.jpeg,true,2025-05-02T01:12:12.737Z,2025-05-11T12:12:59.567Z
0c15b4a7-4ec3-42e9-b13d-4a6562883298,Dr. Mikael Maciel,Clinicas de estética,85984066577,"Rua Monsenhor João Cruz, 310 - Centro",,@dr.mikaelmaciel,https://facebook.com/Mikael Maciel ,,/uploads/logo_82b2caa9-517e-4a82-98cd-a0bce4cc7b69.jpg,true,2025-05-15T20:45:49.828Z,2025-05-15T20:45:49.828Z
16c4566f-97c4-44cf-a4d8-edcc916d8833,Drogaria Maxi Popular,Farmacias e Drogarias,85992581443,"R. Romeu Martins, Canindé - CE, 114 - Centro",,@maxipopular.ce,,,/uploads/logo_16c4566f-97c4-44cf-a4d8-edcc916d8833.jpeg,true,2025-05-02T19:44:14.585Z,2025-05-11T12:12:59.672Z
3788e858-de96-42c6-9d00-88796311c1ac,Drogaria Ultra Popular - Canindé-CE,Farmacias e Drogarias,85992791793,"R. Euclídes Barroso, Canindé - CE, 389  - Centro",,@ultrapopular.ce,,,/uploads/logo_3788e858-de96-42c6-9d00-88796311c1ac.jpeg,true,2025-05-02T19:37:43.533Z,2025-05-11T12:12:59.693Z
b16f59b6-828c-428d-8620-a9d97318160a,ELETROGÁS CANINDÉ,Gás e Água,85984450140,"Av. Luciano Magalhães, Canindé-CE, 1240 - Santa Luzia",,@eletrogas.caninde,,,/uploads/logo_b9ca9ab3-7446-4888-a43b-4323e1658cbc.jpg,true,2025-05-16T22:40:27.111Z,2025-05-16T22:40:27.111Z
14508067-2992-4cf2-8cf9-624da3061ae0,ENDOMIND | CLINICA DE ODONTOLOGIA E PSICOLOGIA,Clinicas Dentarias,85985860554,"Rua Romeu Martins, Canindé-Ce, 304 - Centro",,@clinicaendomind,,,/uploads/logo_14508067-2992-4cf2-8cf9-624da3061ae0.jpeg,true,2025-05-02T01:15:52.045Z,2025-05-11T12:12:59.588Z
904c61b3-5fcd-4250-8d8d-ea2590d800e0,Empório Marmitaria ,Marmitarias,85997161387,"Santa Vitória , 3462 - Palestina ",,@Empóriomarmitaria01,,,/uploads/logo_0a12bd70-eaf9-4303-aeaf-0f69c5760109.jpg,true,2025-05-15T21:38:22.335Z,2025-05-16T20:03:33.605Z
163033d2-7aa1-4a56-be6f-164efdbcf9ec,Farmacia Central Popular,Farmacias e Drogarias,85994197881,"R. Euclídes Barroso, Canindé - CE, 700 - Centro",,@centralpopular.ce,,,/uploads/logo_163033d2-7aa1-4a56-be6f-164efdbcf9ec.webp,true,2025-05-09T09:57:13.395Z,2025-05-15T16:10:40.857Z
2c044fa1-08d5-47b8-8143-fa7e3b6135b4,Farmácias Pague Menos,Farmacias e Drogarias,85985130324,"R. Euclídes Barroso,   Canindé - CE, 565 - Centro",,@paguemenos,,,/uploads/logo_2c044fa1-08d5-47b8-8143-fa7e3b6135b4.jpeg,true,2025-05-09T09:43:07.237Z,2025-05-11T12:12:59.756Z
5af499cc-a8b9-465a-b812-cd9cee6307b9,Farmácia Santa Branca,Farmacias e Drogarias,85996382310,"R. Joaquim Magalhães, Canindé - CE, 119 - Centro",,@santabrancaoficial,,,/uploads/logo_5af499cc-a8b9-465a-b812-cd9cee6307b9.jpeg,true,2025-05-02T19:28:31.634Z,2025-05-11T12:12:59.373Z
49e4265e-54a1-4e41-8489-f8b6d3cf9fe6,Galeteria & Pizzaria Neurides,Pizzarias,85999275197,"Rua Romeu Martins - Canindé-CE, 556 - Centro",,@pizzarianeurides,,,/uploads/logo_49e4265e-54a1-4e41-8489-f8b6d3cf9fe6.jpeg,true,2025-05-01T03:20:36.709Z,2025-05-11T12:12:59.439Z
c198e2f5-58dc-4628-af73-59c1e8d5f6c5,Gráfica Canindé,Gráfica Digital,85996645289,"Rua Joaquim Magalhães, Canindé, Ceara, Brazil 62700000, 720 - Centro",,@grafica_caninde,,,/uploads/logo_cc5dd142-8e04-4920-9da4-9ab9f064f373.jpg,true,2025-05-16T23:02:19.369Z,2025-05-17T11:00:51.464Z
342db2dd-188f-4687-963e-8ced473e5ff3,IDEIA Agêcia Criativa,Serviços em Geral,85982356196,"Atendimento online., S/N - Canindé",,@ideiaagenciacriativa/,https://facebook.com/ideiaagenciacriativa/,https://youtube.com/@ideiaagenciacriativa4058,/uploads/logo_520e7023-6ccf-4c97-984b-2babb3565463.png,true,2025-05-15T21:30:55.849Z,2025-05-15T21:30:55.849Z
890503ec-8a1b-4507-be6d-24737b99f0fa,INOVARE GRÁFICA E COMUNICAÇÃO VISUAL,Gráfica Digital,85998158123,"Rua Raimundo Alcoforado , 534 B - Alto Guaramiranga",,@inovare.grafica,,,/uploads/logo_0f68790a-04c9-46e4-99a4-2c5c18aecd39.png,true,2025-05-16T20:57:34.903Z,2025-05-16T20:57:34.903Z
75a68a3f-de8c-4954-b579-428fa251102f,ISA COMERCIO E SERVIÇOS 💙,Gráfica Digital,85996580722,"Rua Clóvis Pinto, Canindé, Ceara, Brazil 62700000, 2191 - São Mateus",,@isacomercioeservicos,,,/uploads/logo_b5718687-eca5-473f-90ad-c133eedb66f7.jpg,true,2025-05-16T22:53:02.861Z,2025-05-16T22:53:31.671Z
bf54a890-2669-4470-a92b-2a1a53bda8a2,JM Graph - Soluções Gráficas,Gráfica Digital,85997490468,"Rua Joaquim Magalhães, Canindé, Ceara, Brazil 62.700-000, 408 - Centro",,@jmgraph1,,,/uploads/logo_b02278ea-d782-40ff-8988-df697dc32209.jpg,true,2025-05-16T23:15:06.017Z,2025-05-16T23:15:54.363Z
10b41b92-bea9-4bf5-a66a-bb3814777fab,Jb gesso ,Construção,85996270185,"Odilom macambira , 1260 - Cam",,@Jb gesso ,,,,true,2025-05-16T20:43:40.223Z,2025-05-16T20:43:40.223Z
a7bfed95-0b1f-4492-9a2d-dce6919920f5,Jc chaves ,Serviços em Geral,85982031677,"Rua Paulino barroso, 1978 - Centro",,@Claudio123aragao,https://facebook.com/Claudioaragao,,/uploads/logo_aa73b509-ceca-45db-b99c-8bf228765e30.png,true,2025-05-16T20:22:16.553Z,2025-05-16T20:22:16.553Z
f60e0663-91c9-40c0-acbf-df4dce6fb09a,KC Gráfica Digital,Gráfica Digital,85997934969,"R. Euclídes Barroso, Centro, Canindé - CE, 62700-000, 1265 - Centro",,@kcgraficadigital,,,/uploads/logo_b18a91a0-8fd0-4d65-8304-cff7dc868a5d.jpg,true,2025-05-16T22:57:34.911Z,2025-05-16T22:57:34.911Z
696e5259-ee89-4f80-9e33-722d6f47a224,Laudo de Inspeção da Vigilância | Canindé-CE,Serviços Úteis,85985321966,"Rua Sitônio Monteiro, 131 - Centro, Canindé-CE",https://www.caninde.ce.gov.br,@prefeituradecaninde,,,/uploads/logo_5e45fd0a-98c0-4937-84ba-87b9529ea7ab.jpg,true,2025-05-15T20:26:38.292Z,2025-05-15T20:30:46.255Z
8e9065fa-8542-43f3-abbf-284538ff8bd6,Licença do Meio Ambiente | Canindé-CE,Serviços Úteis,85996559429,"Rua Augusto Rocha, Canindé-CE, S/N - Centro",https://www.caninde.ce.gov.br,@prefeituradecaninde,,,/uploads/logo_75efa57c-0300-45cc-9d6e-aa8cd4f9bf37.jpg,true,2025-05-15T20:29:56.949Z,2025-05-15T20:30:57.235Z
b3e1f18a-c1c0-49db-85ee-13030bea1c12,Moises Motos - Canindé-CE,Auto Peças,85988265159,"Rua José Veloso Jucá, Canindé, Ceara, Brazil 62700000, 2407 - Alto Guaramiranga",,@moisesmotos1,,,/uploads/logo_51cc7622-502f-4a0a-ac29-5ecb2001e044.jpg,true,2025-05-17T19:52:52.084Z,2025-05-17T19:54:02.668Z
154a0b40-aeb9-4d1d-9625-e128dff9094d,Moto Lider Canindé,Auto Peças,85999788867,"R. Júlio Campos, Canindé - CE, 62700-000, 134 - Centro",https://biolivre.com.br/motolider,@motolidercaninde,,,/uploads/logo_268c7ede-33df-4a8a-a90e-edd659cea2b3.jpg,true,2025-05-17T19:40:47.255Z,2025-05-17T19:40:47.255Z
83cb1137-8b61-455e-b8a6-72ff6b286037,NACIONAL GÁS CANINDÉ,Gás e Água,85999580933,"R. Célio Martins, Canindé - CE, 62700-000, 1085 - Imac. Conceição",,@nacionaldaorpam,,,/uploads/logo_0a719f4f-779f-4e57-a82b-ab334955c151.jpg,true,2025-05-16T22:20:45.612Z,2025-05-16T22:20:45.612Z
4e578229-67bc-4049-bbf5-e344086b1b01,NL PIZZAS,Pizzarias,85987253114,"João sobral , 607 - Palestina ",,@nl_pizzas_ofc,,,/uploads/logo_d756d70b-0b30-4989-b9cb-a09dfa93480b.jpg,true,2025-05-17T19:44:33.219Z,2025-05-17T19:44:33.219Z
506aec41-89b1-4cac-a86f-0affe811413f,OH MY PIZZA CANINDÉ,Pizzarias,85992375674,"Av: Luciano Magalhães, 40 - Bela vista",,@oh_my_pizza_caninde,,,/uploads/logo_506aec41-89b1-4cac-a86f-0affe811413f.jpeg,true,2025-05-01T02:33:47.863Z,2025-05-11T12:12:59.417Z
ddccb166-e8fd-42aa-960f-51295a70d4dd,Odontoclínica Modelo ,Clinicas Dentarias,85999228833,"Avenida Dr. Aramis Paiva, Canindé-CE, 153 - Centro",,@odontoclinicamodelo,,,/uploads/logo_ddccb166-e8fd-42aa-960f-51295a70d4dd.jpeg,true,2025-05-02T01:19:43.761Z,2025-05-11T12:12:59.610Z
afd523b6-c27d-4198-825c-c2446e207304,Odontomax Canindé,Clinicas Dentarias,85986641010,"Rua Joaquim Magalhães, Canindé - CE, 807 - Centro",,@odontomaxcaninde,,,/uploads/logo_afd523b6-c27d-4198-825c-c2446e207304.jpeg,true,2025-05-02T01:44:46.271Z,2025-05-11T12:12:59.259Z
cae071ff-d402-4285-aaca-5eb0b3fc8a17,PEDIR GÁS Canindé,Gás e Água,85998723917,"Rua Célio Martins,Canindé, Ceara, Brazil 62700000, 411 -  Imaculada Conceição",,@pedir_gas_caninde,,,/uploads/logo_ff59e893-e62c-4fbf-8b61-01712b65ff29.jpg,true,2025-05-16T22:36:54.961Z,2025-05-16T22:36:54.961Z
816868af-8455-4a8d-93bd-f71f0dd62a16,POPdents Canindé,Clinicas Dentarias,85994212457,"R. Joaquim Magalhães, Canindé - CE, 934 - Centro",,@popdentsbrasil,,,/uploads/logo_816868af-8455-4a8d-93bd-f71f0dd62a16.jpeg,true,2025-05-02T01:26:24.464Z,2025-05-11T12:12:59.631Z
f66aabb9-37d3-418c-ab68-68e9bdb17171,Pizza & Cia,Pizzarias,85985240276," Av. Dr. Aramis Paiva - Canindé - CE, 437 - Canindé - CE",,@pizzaecian,,,/uploads/logo_32293a21-934a-4983-99a0-877a1af51697.jpg,true,2025-05-01T03:26:57.104Z,2025-05-16T20:01:52.106Z
f54e40c9-de58-468a-8abe-7d04664d59c6,Pizzaria D'Angeles,Pizzarias,85989045949,"Rua Fco das Chagas Barros - Canindé - CE, 662 - Campinas",,@dangelespizzaria,,,/uploads/logo_f54e40c9-de58-468a-8abe-7d04664d59c6.jpeg,true,2025-05-01T03:23:38.559Z,2025-05-11T12:12:59.460Z
39185507-7091-4bb9-bce1-d146f6a04dcd,Pizzaria Top,Pizzarias,85989372025,"R. Zilda Magalhães - Canindé, CE, S/N - Palsetina",,@pizzariatopdelivery,,,/uploads/logo_39185507-7091-4bb9-bce1-d146f6a04dcd.jpeg,true,2025-05-01T03:47:55.855Z,2025-05-11T12:12:59.546Z
4c5f2d13-2f47-4a15-b27c-4de551b36ba7,Quero Pizza Delivery,Pizzarias,85992286465,"Rua Francisco das chagas barros, 662 - Campinas",https://whatsmenu.com.br/queropizzadelivery_,@queropizzadelivery,https://facebook.com/queropizzadelivery,,/uploads/logo_5d9f3c32-239d-47b0-8e1b-67be13ceba9b.jpg,true,2025-05-16T21:43:47.116Z,2025-05-16T21:43:47.116Z
a409587b-3891-4c18-a419-3bacae519627,Rei das polpas,Serviços em Geral,85985749697,"Avenida luciano magalhaes , 164 - Bela vista",,,,,/uploads/logo_5294d7be-102d-443d-bc03-6403304dfa22.png,true,2025-05-15T21:36:28.048Z,2025-05-15T21:36:28.048Z
df0bbbae-7123-4053-8f26-1224269ed933,SAAE Canindé - CE,Serviços Úteis,8533430140,"Av. Francisco Cordeiro Campos, Canindé - CE, 62700-000, Brasil, 1087 - Centro",https://saae.caninde.ce.gov.br/servicos,@saaecanindece,,,/uploads/logo_a5482cd4-eb95-44d2-bf39-dcc1f7a96c4e.jpg,true,2025-05-15T20:14:53.822Z,2025-05-15T20:14:53.822Z
a3bb02da-442f-4feb-a2b1-b8e7450c5be4,SAMIDTUR TURISMO ,Serviços Úteis,85988259336,"Zé Candóia , 1490  - Riacho sujo ",,@Wilter_Guimarães ,,,/uploads/logo_0e402110-fe71-428a-93bc-55dac2dda691.png,true,2025-05-15T21:23:56.166Z,2025-05-15T21:23:56.166Z
0f6bbde1-8cd9-4e77-910e-e1b7c8094345,Setor de Arrecadação | Canindé-CE,Serviços Úteis,85981934279,"Valderi Uchôa, 600 - Centro",https://www.caninde.ce.gov.br/,@prefeituradecaninde,,,/uploads/logo_78e6433e-1c89-494f-b718-5f1ecf0fc280.jpg,true,2025-05-15T20:34:38.225Z,2025-05-15T20:34:38.225Z
b153e25f-04c4-468e-8469-50ac9b38ed2a,Sistelbras Provedor,Provedor de Internet,85996548968,"R. Gervásio Martins, Canindé - CE, 188 - sala 103  - Centro",,@sistelbrasprovedor,,,/uploads/logo_b153e25f-04c4-468e-8469-50ac9b38ed2a.png,true,2025-05-02T01:55:35.253Z,2025-05-11T12:12:59.301Z
23ab8923-dd57-4645-9c99-f242a8eb33ed,Top Gás Canindé,Gás e Água,85981655566,"Avenida Luciano Magalhaes, Canindé, Ceara, Brazil 62700000, 678 - Bela Vista",,@topgascaninde,,,/uploads/logo_029f3435-6616-4c66-b63b-af75a079d3d4.jpg,true,2025-05-16T22:33:38.614Z,2025-05-16T22:33:38.614Z
0861c012-4ab7-44ff-ad6b-3f2214dc726b,Tropical Motos| Peças e Acessessotios - Canindé-CE,Auto Peças,85992358823,"R. Raimundo Costa Ribeiro, Canindé - CE, 62700-000, 1963 - Centro",,@tropicalmotos,,,/uploads/logo_87b698c2-b81d-4f5d-a24f-31ca3d7f73d2.jpg,true,2025-05-17T19:49:27.012Z,2025-05-17T19:49:27.012Z
0ffe6e17-0c4f-4044-b5a0-f056cf0fe45f,ULTRAGAZ – O gás mais confiável do Brasil!💙🔥,Gás e Água,85996312342,"Canindé-Ce, S/N - Centro",,@gasdopovocaninde,,,/uploads/logo_f6125c82-3655-458e-9729-e1a4c2223a73.jpg,true,2025-05-16T21:58:54.767Z,2025-05-16T21:58:54.767Z
c3856eaa-5529-497c-a164-815820df2e80, Pizzaria Gostinho Italiano,Pizzarias,85998193394,"R. Euclídes Barroso - Canindé - CE, 885 - Centro",,@pizzariagostinhoitaliano.br,,,/uploads/logo_c3856eaa-5529-497c-a164-815820df2e80.jpeg,false,2025-05-01T03:30:02.771Z,2025-05-17T19:24:59.865Z
d787a6e2-3aa9-4b03-96fc-e4c3b6bf6b9f,PIZZARIA M.M.A CANINDÉ,Pizzarias,85986038007,"R. Gen. Sampaio,  Canindé - CE, 1629 - Bela Vista",,@pizzaria_m.m.a,,,/uploads/logo_d787a6e2-3aa9-4b03-96fc-e4c3b6bf6b9f.jpeg,false,2025-05-01T03:42:56.531Z,2025-05-12T01:28:14.727Z
